,gene,strand,start,end,tc_count
0,dnaA,1,182,1538,46.902654867256636
0,dnaN,1,1707,2850,45.75678040244969
0,recF,1,3235,4354,45.93386952636283
0,gyrB,1,4679,6605,44.911734164070616
0,gyrA,1,6653,9146,44.925792218210994
0,guaB,1,18386,19844,43.55281207133059
0,dacA,1,19989,21279,44.031007751937985
0,serS,1,21417,22692,45.96078431372549
0,mtnU,1,22705,23533,45.772946859903385
0,rocR,-1,25495,26887,43.31896551724138
0,rocD,1,27105,28320,43.53909465020576
0,dnaX,1,48866,50549,44.741532976827095
0,recR,1,50888,51488,44.666666666666664
0,bofA,1,51795,52059,55.68181818181818
0,adhA,1,62618,63668,42.285714285714285
0,dhaS,1,63683,65180,44.62257849031396
0,tmk,1,68377,69019,42.834890965732086
0,holB,1,69376,70375,44.94494494494494
0,abrB,-1,73567,73852,44.56140350877193
0,metS,1,77213,79181,45.68089430894309
0,pelB,1,80069,81053,45.63008130081301
0,rnmV,1,88032,88716,42.10526315789474
0,ksgA,1,88702,89593,47.362514029180694
0,veg,1,90823,91087,42.42424242424242
0,sspF,1,91204,91381,35.59322033898305
0,ispE,1,91559,92453,44.85458612975391
0,purR,1,92484,93318,44.24460431654676
0,spoVG,1,93857,94154,45.11784511784512
0,gcaD,1,94478,95843,43.51648351648352
0,prs,1,95868,96819,46.68769716088328
0,ctc,1,96938,97595,44.44444444444444
0,pth,1,97652,98210,44.086021505376344
0,mfd,1,98868,102411,45.46994072819644
0,spoVT,1,102585,103125,44.25925925925926
0,murG,-1,103912,104977,48.35680751173709
0,divIC,1,114488,114881,42.74809160305343
0,spoIIE,1,117536,120047,44.72321784149741
0,hprT,1,123232,123772,43.888888888888886
0,ftsH,1,123841,125830,44.544997486173955
0,hslO,1,126676,127564,41.891891891891895
0,cysK,1,127697,128636,43.23748668796592
0,pabB,1,128806,130240,43.793584379358435
0,pabA,1,130252,130846,46.127946127946124
0,pabC,1,130830,131670,47.142857142857146
0,sul,1,131666,132491,44.36363636363637
0,folA,1,132483,132849,46.994535519125684
0,folK,1,132841,133360,47.01348747591522
0,lysS,1,134563,136072,44.33399602385686
0,ctsR,1,149104,149530,41.54929577464789
0,mcsA,1,149545,150061,41.47286821705426
0,mcsB,1,150066,151143,44.56824512534819
0,clpC,1,151163,153620,42.40944240944241
0,sms,1,153781,155230,44.44444444444444
0,ispD,1,157770,158460,41.88405797101449
0,ispF,1,158456,158936,43.75
0,gltX,1,159002,160460,43.964334705075444
0,cysE,1,160748,161414,46.546546546546544
0,cysS,1,161464,162865,44.3254817987152
0,sigH,1,164673,165336,42.68476621417798
0,rpmG,1,165454,165601,43.53741496598639
0,secE,1,165674,165863,49.735449735449734
0,nusG,1,165919,166456,40.59590316573557
0,rplK,1,166611,167037,44.36619718309859
0,rplA,1,167132,167828,41.666666666666664
0,rplJ,1,168044,168545,43.91217564870259
0,rplL,1,168599,168962,41.04683195592286
0,rpoB,1,169970,173513,46.627152130962465
0,rpoC,1,173806,177427,46.64457332228666
0,rpsL,1,177875,178295,45.714285714285715
0,rpsG,1,178338,178809,46.07218683651805
0,fus,1,178847,180926,46.36844636844637
0,tufA,1,181047,182238,48.530646515533164
0,rpsJ,1,182528,182837,46.601941747572816
0,rplC,1,182874,183495,43.15619967793881
0,rplD,1,183519,184143,45.032051282051285
0,rplW,1,184142,184430,43.40277777777778
0,rplB,1,184458,185289,47.0517448856799
0,rpsS,1,185349,185625,47.10144927536232
0,rplV,1,185648,185993,44.63768115942029
0,rpsC,1,185996,186659,44.19306184012066
0,rplP,1,186661,187099,44.29223744292238
0,rpmC,1,187085,187289,47.549019607843135
0,rpsQ,1,187304,187565,42.911877394636015
0,rplN,1,187596,187965,46.34146341463415
0,rplX,1,188005,188314,37.86407766990291
0,rplE,1,188341,188881,45.0
0,rpsN,1,188905,189091,46.236559139784944
0,rpsH,1,189117,189516,48.1203007518797
0,rplF,1,189546,190083,45.43761638733706
0,rplR,1,190113,190476,46.5564738292011
0,rpsE,1,190500,191001,46.50698602794411
0,rpmD,1,191014,191203,42.857142857142854
0,rplO,1,191239,191680,42.17687074829932
0,secY,1,191679,192990,51.79252479023646
0,adk,1,193056,193710,43.27217125382263
0,map,1,193706,194453,45.78313253012048
0,infA,1,194537,194756,45.662100456621005
0,rpmJ,1,194788,194902,37.719298245614034
0,rpsM,1,194924,195290,45.3551912568306
0,rpsK,1,195302,195704,45.024875621890544
0,rpoA,1,195877,196822,44.232804232804234
0,rplQ,1,196856,197219,46.00550964187328
0,truA,1,199774,200560,48.218829516539444
0,rplM,1,200739,201177,43.15068493150685
0,rpsI,1,201196,201589,49.61832061068702
0,cwlD,1,206198,206930,44.53551912568306
0,glcT,1,206998,207838,43.92857142857143
0,ptsG,1,207971,210017,48.87585532746823
0,gerD,-1,215363,215948,38.11965811965812
0,kbaA,1,216086,216671,53.333333333333336
0,cccB,1,250334,250661,44.03669724770642
0,sigW,1,264308,264872,45.212765957446805
0,glmM,1,267794,269135,45.563012677106634
0,glmS,1,271117,272920,46.089850249584025
0,penP,-1,293946,294852,44.5916114790287
0,trkA,1,301109,302150,45.629202689721424
0,kdgT,-1,337503,338490,52.4822695035461
0,ectA,1,365192,365729,45.43761638733706
0,ectB,1,365758,367039,45.042935206869636
0,ectC,1,367075,367480,42.46913580246913
0,hmp,1,382918,384154,46.27831715210356
0,iolF,1,417223,418498,50.35294117647059
0,abfA,1,442804,444316,45.10582010582011
0,araL,1,450279,451068,45.8808618504436
0,araM,1,451064,452249,49.11392405063291
0,araD,1,452232,452940,46.75141242937853
0,araB,1,452936,454622,44.72123368920522
0,araA,1,454614,456075,45.516769336071185
0,iolR,-1,468919,469693,45.99483204134367
0,iolA,1,469897,471373,46.13821138211382
0,iolB,1,471396,472212,46.200980392156865
0,iolC,1,472227,473208,46.07543323139653
0,iolD,1,473261,475175,45.245559038662485
0,iolE,1,475188,476100,47.58771929824562
0,iolG,1,476122,477163,44.57252641690682
0,iolJ,1,477334,478216,45.23809523809524
0,uxaB,1,494307,495837,47.12418300653595
0,licA,1,536766,537102,38.392857142857146
0,licR,1,538525,540475,46.41025641025641
0,kdgK,1,572138,573086,45.14767932489451
0,aroC,1,584565,585336,43.7094682230869
0,xynB,1,605390,607058,48.800959232613906
0,xylA,1,627261,628581,47.72727272727273
0,xylB,1,628611,630111,44.93333333333333
0,xylR,-1,631173,632349,49.574829931972786
0,ssuD,1,656501,657611,45.13513513513514
0,sat,1,668850,669969,47.810545129579985
0,cysP,1,670002,671079,52.18198700092851
0,cysI,1,674578,676405,45.75807334428024
0,cysJ,1,676420,678142,45.52845528455285
0,uxuA,1,689914,690991,46.70380687093779
0,arsB,-1,695172,696135,59.50155763239876
0,gerKB,-1,713897,715049,58.072916666666664
0,gerKC,-1,715282,716479,46.365914786967416
0,gerKA,-1,716498,718061,50.8637236084453
0,citH,-1,726676,728002,54.90196078431372
0,tenA,1,732063,732735,45.833333333333336
0,pepT,1,782312,783539,43.92828035859821
0,narG,1,784037,787712,46.61224489795919
0,narH,1,787701,789237,44.921875
0,narJ,1,789106,789799,46.60894660894661
0,narI,1,789795,790482,51.96506550218341
0,nreA,1,790539,791010,46.70912951167728
0,nreB,1,791006,792086,44.72222222222222
0,nreC,1,792082,792730,44.907407407407405
0,melA,-1,803661,804963,48.07987711213518
0,des,1,806187,807216,48.39650145772595
0,desK,1,807321,808455,45.67901234567901
0,desR,1,808451,809051,43.166666666666664
0,sipW,1,826904,827435,47.26930320150659
0,aprE,1,835097,836240,45.75678040244969
0,ald,1,842287,843412,43.37777777777778
0,glnQ,1,845644,846370,43.66391184573003
0,glnH,1,846425,847247,40.2676399026764
0,glnM,1,847307,847943,53.144654088050316
0,glnP,1,847943,848597,55.5045871559633
0,dppA,1,851051,851873,45.86374695863747
0,dppB,1,851888,852812,53.46320346320346
0,dppC,1,852811,853753,52.9723991507431
0,dppD,1,853756,854752,46.5863453815261
0,dppE,1,854765,856412,45.29447480267152
0,hxlR,-1,859380,859731,43.01994301994302
0,mrpA,1,861893,864311,54.09429280397023
0,mrpB,1,864297,864720,53.427895981087474
0,mrpC,1,864723,865068,53.333333333333336
0,mrpD,1,865060,866548,55.77956989247312
0,mrpE,1,866550,867066,51.93798449612403
0,mrpF,1,867065,867350,51.92982456140351
0,mrpG,1,867327,867720,48.346055979643765
0,acpS,1,878885,879239,46.32768361581921
0,dal,1,880526,881759,45.6609894566099
0,rsbR,1,882726,883545,44.2002442002442
0,rsbS,1,883562,883919,47.61904761904762
0,rsbT,1,883921,884353,42.361111111111114
0,rsbU,1,884353,885370,46.902654867256636
0,rsbV,1,885434,885764,44.24242424242424
0,rsbW,1,885763,886246,45.3416149068323
0,sigB,1,886205,886991,44.40203562340967
0,rsbX,1,886992,887619,46.411483253588514
0,cspC,1,902138,902339,42.288557213930346
0,arsR,1,903235,903553,45.283018867924525
0,arsC,1,905995,906415,39.76190476190476
0,azlD,-1,919530,919857,56.269113149847094
0,azlC,-1,919853,920570,51.743375174337515
0,aadK,1,930236,931091,47.36842105263158
0,sapB,-1,940435,941146,48.24191279887482
0,thiL,1,943950,944943,44.20946626384693
0,gcp,1,946544,947552,45.535714285714285
0,tatCy,1,950461,951280,54.09035409035409
0,groES,1,956470,956755,41.75438596491228
0,groEL,1,956789,958427,43.52869352869353
0,moaC,-1,966727,967228,45.50898203592814
0,mobA,-1,967233,967806,51.65794066317626
0,moaB,-1,967802,968291,47.239263803680984
0,moaA,1,968379,969396,44.8377581120944
0,moeA,1,969409,970696,46.93084693084693
0,mobB,1,970662,971178,44.18604651162791
0,moaE,1,971177,971606,42.19114219114219
0,moaD,1,971616,971856,44.583333333333336
0,narQ,1,976396,977200,44.15422885572139
0,csbB,-1,981463,982420,49.529780564263326
0,maeN,1,991017,992367,51.407407407407405
0,cwlC,1,1003547,1004318,46.69260700389105
0,pbpC,1,1005238,1007296,43.87755102040816
0,guaA,1,1014212,1015760,47.60981912144703
0,pbuG,1,1039566,1040868,54.60829493087557
0,htpG,1,1052712,1054590,42.49201277955272
0,cypA,1,1056383,1057592,48.30438378825475
0,gbsB,-1,1063887,1065096,47.31182795698925
0,gbsA,-1,1065118,1066594,46.00271002710027
0,kduD,1,1081616,1082369,44.09030544488712
0,kduI,1,1082411,1083242,44.163658243080626
0,uxaC,1,1083242,1084661,45.80690627202255
0,mta,-1,1085401,1086157,45.767195767195766
0,bcsA,1,1086321,1087422,48.41053587647593
0,citS,1,1105190,1106783,45.323289391086
0,citT,1,1106779,1107451,44.04761904761905
0,purE,1,1115879,1116371,45.73170731707317
0,purK,1,1116367,1117498,45.97701149425287
0,purB,1,1117517,1118816,45.18860662047729
0,purC,1,1118840,1119560,44.44444444444444
0,purS,1,1119552,1119804,42.857142857142854
0,purQ,1,1119800,1120484,48.9766081871345
0,purL,1,1120467,1122693,45.8670260557053
0,purF,1,1122668,1124081,47.983014861995755
0,purM,1,1124104,1125142,44.50867052023121
0,purN,1,1125138,1125723,44.27350427350427
0,purH,1,1125719,1127255,45.3125
0,purD,1,1127265,1128561,43.51851851851852
0,gutB,1,1132151,1133192,46.10951008645533
0,opuAA,1,1158998,1160216,43.59605911330049
0,opuAB,1,1160184,1161021,51.49342891278375
0,opuAC,1,1161080,1162013,44.90889603429796
0,adeC,1,1166053,1167784,48.12247255921433
0,fhuB,1,1172375,1173428,52.421652421652425
0,fhuG,1,1173424,1174438,53.747534516765285
0,fhuC,1,1174454,1175282,45.893719806763286
0,pcrB,1,1175913,1176612,44.77825464949928
0,pcrA,1,1176615,1178871,45.47872340425532
0,ligA,1,1178887,1180903,44.1468253968254
0,gatC,1,1189322,1189610,41.31944444444444
0,gatA,1,1189637,1191089,48.484848484848484
0,gatB,1,1191104,1192535,45.003494060097836
0,gntP,-1,1204642,1206085,51.767151767151766
0,glcP,1,1230095,1231304,53.349875930521094
0,lplB,1,1251451,1252411,50.625
0,uxaA,1,1259329,1260826,46.559786239144955
0,deoR,1,1262519,1263476,44.5141065830721
0,mntH,1,1293290,1294541,53.796962430055956
0,lrpC,-1,1313100,1313532,48.148148148148145
0,kinD,-1,1335789,1337409,44.32098765432099
0,kinB,1,1371441,1372701,49.20634920634921
0,glpK,1,1372817,1374320,43.04723885562209
0,glpD,1,1374594,1376253,43.82157926461724
0,glpP,1,1376256,1376799,46.96132596685083
0,alsT,1,1376925,1378314,52.627789776817856
0,treP,1,1383420,1384854,50.83682008368201
0,treA,1,1384957,1386628,44.88330341113106
0,treR,1,1386637,1387351,45.938375350140056
0,bsaA,1,1387465,1387951,45.06172839506173
0,fruR,1,1391148,1391913,43.66013071895425
0,fruB,1,1391909,1392830,46.36264929424539
0,fruA,1,1392838,1394731,46.53988378235605
0,mreBH,-1,1394836,1395844,47.023809523809526
0,fabL,1,1431046,1431796,42.666666666666664
0,gsaB,-1,1435861,1437166,48.35249042145594
0,perR,1,1439281,1439713,46.06481481481482
0,xlyA,1,1476922,1477828,45.58498896247241
0,pbpE,1,1508610,1509996,45.23809523809524
0,gspA,-1,1550147,1550972,52.121212121212125
0,xpt,1,1554891,1555497,46.20462046204621
0,metC,1,1564042,1566328,45.01312335958005
0,cstA,-1,1566440,1568066,55.84255842558426
0,gabD,1,1568766,1570176,42.765957446808514
0,sacA,1,1574242,1575622,46.231884057971016
0,dps,-1,1582647,1583109,43.722943722943725
0,ogt,1,1584996,1585524,43.75
0,cspR,1,1587108,1587582,51.47679324894515
0,pbpD,-1,1588889,1590734,46.666666666666664
0,prkA,1,1590883,1592779,43.9873417721519
0,sipV,1,1592872,1593442,45.26315789473684
0,nagA,1,1609606,1610794,43.18181818181818
0,nagB,1,1610790,1611534,44.086021505376344
0,nfrA1,1,1611714,1612443,46.91358024691358
0,mtnV,1,1612461,1613634,47.74083546462063
0,spoVR,1,1623280,1624672,45.33045977011494
0,msmX,-1,1639179,1640277,46.5391621129326
0,cssR,1,1645566,1646247,46.40234948604993
0,cssS,1,1646243,1647647,45.7977207977208
0,prsA,-1,1649239,1650277,42.38921001926782
0,hpr,-1,1651505,1652081,50.34722222222222
0,serC,-1,1652568,1653663,48.0365296803653
0,ecsA,1,1654544,1655282,46.612466124661246
0,ecsB,1,1655274,1656501,54.034229828850854
0,ccdA,-1,1657387,1658113,57.988980716253444
0,pbpF,1,1658411,1660559,45.48417132216015
0,hemE,1,1660838,1661891,45.77397910731244
0,hemH,1,1661895,1662834,45.260915867944625
0,hemY,1,1662830,1664207,46.04212055192448
0,spo0B,1,1664897,1665449,48.18840579710145
0,obg,1,1665467,1666754,42.89044289044289
0,pheB,1,1666939,1667383,47.072072072072075
0,pheA,1,1667398,1668274,48.51598173515982
0,nifS,-1,1668834,1669950,50.806451612903224
0,nadB,1,1670037,1671570,44.6836268754077
0,nadC,1,1671550,1672399,44.522968197879855
0,nadA,1,1672389,1673484,47.305936073059364
0,ruvA,1,1677513,1678113,45.0
0,ruvB,1,1678128,1679130,45.808383233532936
0,queA,1,1679404,1680433,46.35568513119534
0,tgt,1,1680446,1681598,47.482638888888886
0,spoVB,-1,1683408,1684959,55.319148936170215
0,secD,1,1685452,1686754,48.38709677419355
0,secF,1,1686743,1687679,50.0
0,recJ,1,1688059,1690417,47.15860899067006
0,apt,1,1690406,1690922,44.96124031007752
0,relA,1,1691035,1693243,43.70471014492754
0,hisS,1,1698545,1699826,46.604215456674474
0,aspS,1,1699829,1701599,46.89265536723164
0,rsfA,-1,1706604,1707234,41.58730158730159
0,trmU,1,1710579,1711674,43.56164383561644
0,alaS,1,1717075,1719706,44.96389205625238
0,udk,1,1722805,1723450,46.35658914728682
0,greA,1,1723502,1723979,39.62264150943396
0,mthA,1,1727699,1728395,45.54597701149425
0,sigK,-1,1744463,1745171,43.78531073446328
0,nasF,1,1746964,1748338,47.45269286754003
0,nasD,1,1748379,1750821,44.06224406224406
0,nasE,1,1750820,1751144,41.97530864197531
0,nasB,1,1751167,1753396,47.24091520861373
0,nasC,1,1753507,1755667,45.925925925925924
0,narK,1,1755663,1756869,53.814262023217246
0,opuD,-1,1756944,1758606,52.40673886883273
0,hbs,-1,1760204,1760480,42.7536231884058
0,aroD,1,1769226,1770054,46.13526570048309
0,nadD,1,1770387,1770966,48.35924006908463
0,comER,-1,1773525,1774356,49.81949458483754
0,comEA,1,1774435,1775050,40.0
0,comEB,1,1775104,1775695,46.02368866328257
0,comEC,1,1775691,1777998,51.7121803207629
0,holA,1,1778795,1779818,42.42424242424242
0,rpsT,-1,1779901,1780168,41.57303370786517
0,gpr,1,1780363,1781482,41.9124218051832
0,spoIIP,1,1781580,1782759,44.35962680237489
0,lepA,1,1783173,1784997,45.77850877192982
0,hemN,1,1785216,1786383,46.52956298200514
0,hrcA,1,1786474,1787503,46.841593780369294
0,grpE,1,1787607,1788186,37.47841105354059
0,dnaK,1,1788204,1790040,43.57298474945534
0,dnaJ,1,1790375,1791494,41.01876675603217
0,dra,1,1796908,1797583,43.25925925925926
0,iolS,-1,1797694,1798627,46.08788853161843
0,rpsU,1,1799828,1800002,40.229885057471265
0,phoH,1,1805235,1806201,43.2712215320911
0,dgkA,1,1808863,1809253,51.02564102564103
0,cdd,1,1809271,1809688,43.884892086330936
0,era,1,1809662,1810574,44.18859649122807
0,recO,1,1810945,1811716,47.73022049286641
0,glyQ,1,1812027,1812915,47.63513513513514
0,glyS,1,1812907,1814989,46.493756003842456
0,dnaG,1,1817242,1819054,44.094922737306845
0,sigA,1,1819086,1820208,43.22638146167558
0,zur,1,1832092,1832509,46.28297362110312
0,sodA,1,1842585,1843194,45.1559934318555
0,pbpA,1,1844928,1847031,45.31621493105088
0,rpmGA,1,1849420,1849570,44.0
0,moeB,1,1851046,1852060,46.74556213017752
0,nhaC,1,1852327,1853713,53.67965367965368
0,glcK,1,1858466,1859447,43.6289500509684
0,ansB,1,1859466,1860879,46.638358103326254
0,thiC,1,1861117,1861747,44.44444444444444
0,thiS,1,1861743,1861941,39.898989898989896
0,thiG,1,1861943,1862735,45.707070707070706
0,goxB,1,1862740,1863847,48.05781391147245
0,citG,-1,1869245,1870634,46.724262059035276
0,msrA,-1,1871180,1871669,45.603271983640084
0,tnrA,-1,1882001,1882304,42.57425742574257
0,proI,-1,1885554,1886406,49.29577464788732
0,proA,-1,1886417,1887665,46.55448717948718
0,proB,-1,1887664,1888783,46.82752457551385
0,asnO,1,1889457,1891308,46.73149648838466
0,cah,1,1891509,1892463,49.58071278825996
0,mtnW,1,1895863,1896988,46.4
0,nudF,1,1898726,1899266,41.2962962962963
0,spoIIM,1,1899319,1899964,55.81395348837209
0,fur,1,1900084,1900576,44.91869918699187
0,ripX,1,1901055,1901949,46.644295302013425
0,drm,1,1902038,1903223,44.38818565400844
0,pdp,1,1903330,1904638,43.19571865443425
0,ohrB,1,1904814,1905228,42.51207729468599
0,dacF,1,1910076,1911243,42.07369323050557
0,spoIIAA,1,1911349,1911694,42.31884057971015
0,spoIIAB,1,1911695,1912136,43.764172335600904
0,sigF,1,1912148,1912913,43.529411764705884
0,spoVAF,1,1915654,1917136,50.944669365722
0,lysA,1,1917240,1918572,45.7957957957958
0,ppiB,1,1918645,1919080,42.758620689655174
0,mmgD,1,1922466,1923588,47.50445632798574
0,mmgE,1,1923610,1925044,46.582984658298464
0,ribB,1,1930643,1931288,45.58139534883721
0,ribA,1,1931301,1932495,44.80737018425461
0,ribH,1,1932506,1932977,42.46284501061571
0,scpA,1,1933682,1934453,45.0064850843061
0,scpB,1,1934433,1935015,44.15807560137457
0,sodF,1,1937417,1938284,42.21453287197232
0,spoVAC,1,1943312,1943783,50.10615711252654
0,spoVAD,1,1943782,1944799,46.607669616519175
0,dacB,1,1945292,1946435,46.28171478565179
0,spmA,1,1946431,1947031,46.166666666666664
0,spmB,1,1947027,1947558,54.80225988700565
0,rluB,1,1947733,1948462,41.56378600823045
0,resA,1,1948540,1949074,45.3183520599251
0,resB,1,1949095,1950730,46.29969418960245
0,resC,1,1950748,1951948,52.25
0,resD,1,1952072,1952789,44.21199442119944
0,resE,1,1952785,1954582,44.40734557595993
0,serA,-1,1960108,1961710,47.44069912609238
0,fer,-1,1962139,1962391,48.80952380952381
0,recS,1,1963561,1965064,48.70259481037924
0,gudB,1,1978779,1980045,44.07582938388626
0,ansZ,1,1981102,1982068,45.23809523809524
0,metI,1,1983394,1984501,46.522131887985545
0,sleB,1,1989952,1990843,43.54657687991021
0,cmk,1,1992299,1993052,42.62948207171315
0,plsC,1,1993048,1993639,47.71573604060914
0,gpsA,1,1997645,1998668,44.67253176930596
0,spoIVA,1,2000442,2001921,45.09803921568628
0,mtrA,1,2002106,2002676,42.10526315789474
0,mtrB,1,2002678,2002906,44.29824561403509
0,menG,1,2003756,2004464,44.632768361581924
0,hepA,1,2006279,2007251,45.67901234567901
0,ndk,1,2007380,2007824,44.369369369369366
0,cheR,1,2008009,2008795,47.96437659033079
0,aroF,1,2008883,2010056,44.16027280477408
0,aroB,1,2010059,2011136,49.02506963788301
0,aroH,1,2011132,2011498,43.169398907103826
0,trpE,1,2011766,2013263,46.82698730794923
0,trpD,1,2013259,2014285,47.56335282651072
0,trpC,1,2014277,2015045,43.619791666666664
0,trpF,1,2015041,2015695,42.6605504587156
0,trpB,1,2015672,2016872,44.166666666666664
0,trpA,1,2016864,2017674,48.02469135802469
0,hisC,1,2017742,2018852,46.486486486486484
0,tyrA,1,2018876,2019974,46.357012750455375
0,aroE,1,2019985,2021278,45.243619489559165
0,qcrA,1,2024279,2024771,46.951219512195124
0,qcrB,1,2024785,2025457,54.61309523809524
0,qcrC,1,2025496,2026273,47.361647361647364
0,dapB,1,2031470,2032265,43.270440251572325
0,mgsA,1,2032277,2032706,46.15384615384615
0,zwf,1,2037533,2039021,44.95967741935484
0,spoIISA,1,2056932,2057685,47.94156706507304
0,dsdA,1,2069420,2070743,46.48526077097506
0,exoA,1,2070850,2071633,49.29757343550447
0,blt,1,2080091,2081303,53.21782178217822
0,sigY,1,2086120,2086651,42.93785310734463
0,motA,1,2094844,2095651,48.45105328376704
0,motB,1,2095628,2096387,47.56258234519104
0,parC,-1,2098868,2101292,45.87458745874587
0,parE,-1,2101292,2103263,43.22678843226788
0,gntK,-1,2113649,2115200,47.711154094132816
0,gerAC,1,2139925,2141056,48.894783377542
0,kapB,-1,2147259,2147628,44.44444444444444
0,gltB,-1,2148928,2150413,44.64646464646464
0,gltA,-1,2150468,2155043,45.13661202185792
0,ilvA,-1,2165668,2166913,44.81927710843374
0,recU,1,2169767,2170391,45.993589743589745
0,ponA,1,2170394,2173202,42.84188034188034
0,nth,-1,2176865,2177525,45.0
0,dnaD,-1,2177536,2178238,46.2962962962963
0,asnS,-1,2178338,2179631,47.09976798143852
0,dinG,-1,2182081,2184910,46.73029338989042
0,panD,-1,2185939,2186323,41.666666666666664
0,panC,-1,2186273,2187182,47.194719471947195
0,panB,-1,2187178,2188018,45.0
0,birA,-1,2188231,2189197,46.3768115942029
0,cca,-1,2189193,2190324,42.88240495137047
0,odhB,-1,2232699,2233962,43.38875692794932
0,odhA,-1,2233976,2236808,45.16242937853107
0,ampS,1,2249689,2250919,44.71544715447155
0,qoxD,-1,2253274,2253589,50.79365079365079
0,qoxC,-1,2253589,2254204,53.00813008130081
0,qoxB,-1,2254207,2256151,52.983539094650205
0,qoxA,-1,2256184,2257165,47.196738022426096
0,cheV,-1,2260063,2260939,46.57534246575342
0,nadE,-1,2267156,2267987,43.561973525872446
0,citB,-1,2273699,2276417,47.571743929359826
0,tkt,-1,2282406,2284404,46.6966966966967
0,lexA,1,2286159,2286786,45.135566188197764
0,glnA,-1,2301957,2303307,46.44444444444444
0,spoVK,-1,2304947,2305889,42.46284501061571
0,miaA,-1,2307519,2308452,46.30225080385852
0,mutL,-1,2309269,2311234,44.17302798982188
0,mutS,-1,2311258,2313874,44.61009174311926
0,cotE,-1,2313987,2314560,43.97905759162304
0,tgl,1,2317051,2317858,53.15985130111524
0,spoVS,-1,2317903,2318167,45.833333333333336
0,recA,-1,2324382,2325435,44.91927825261158
0,deaD,-1,2325665,2327279,46.40644361833953
0,cinA,-1,2327275,2328529,45.77352472089314
0,pgsA,-1,2328542,2329121,53.713298791019
0,spoIIIE,-1,2335659,2338002,45.11310285958173
0,tepA,-1,2338354,2339086,43.85245901639344
0,dapA,-1,2341441,2342332,45.56677890011223
0,dapG,-1,2342357,2343575,44.252873563218394
0,asd,-1,2343586,2344639,44.91927825261158
0,spoVFB,-1,2344731,2345313,48.96907216494845
0,spoVFA,-1,2345329,2346214,50.056497175141246
0,mlpA,-1,2346662,2347907,46.666666666666664
0,pnpA,-1,2349007,2351140,43.6474449132677
0,rpsO,-1,2351310,2351580,47.77777777777778
0,ribC,-1,2351821,2352775,45.073375262054505
0,truB,-1,2352791,2353700,45.76457645764577
0,rbfA,-1,2353787,2354144,44.817927170868344
0,infB,-1,2354447,2356733,42.21347331583552
0,nusA,-1,2357348,2358455,43.27009936766034
0,polC,-1,2359157,2363450,47.332867458653624
0,proS,-1,2363509,2365210,46.73721340388007
0,dxr,-1,2366524,2367664,46.578947368421055
0,cdsA,-1,2367731,2368529,53.7593984962406
0,uppS,-1,2368544,2369318,43.54005167958656
0,frr,-1,2369434,2369992,42.65232974910394
0,smbA,-1,2369995,2370706,43.741209563994374
0,tsf,-1,2370804,2371689,41.80790960451977
0,rpsB,-1,2371787,2372516,43.34705075445816
0,sigD,-1,2373576,2374341,43.92156862745098
0,cheD,-1,2374358,2374838,41.458333333333336
0,cheC,-1,2374830,2375445,50.08130081300813
0,cheB,-1,2375437,2376367,47.31182795698925
0,flhF,-1,2376935,2377913,46.11451942740286
0,flhA,-1,2377909,2379946,49.14089347079038
0,flhB,-1,2379969,2381058,46.372819100091824
0,fliR,-1,2381054,2381837,54.91698595146871
0,fliQ,-1,2381836,2382106,51.851851851851855
0,fliP,-1,2382203,2382887,51.75438596491228
0,cheY,-1,2383511,2383874,41.32231404958678
0,fliY,-1,2383919,2385107,44.612794612794616
0,fliM,-1,2385099,2386089,46.56565656565657
0,fliL,-1,2386107,2386539,43.98148148148148
0,flgE,-1,2386760,2387564,47.76119402985075
0,flgD,-1,2387579,2388014,42.06896551724138
0,fliJ,-1,2390138,2390582,39.86486486486486
0,fliI,-1,2390591,2391905,45.205479452054796
0,fliH,-1,2391888,2392659,41.37483787289235
0,fliG,-1,2392651,2393659,43.05555555555556
0,fliF,-1,2393679,2395263,42.86616161616162
0,fliE,-1,2395297,2395594,43.43434343434343
0,flgC,-1,2395610,2396057,42.95302013422819
0,flgB,-1,2396069,2396465,43.686868686868685
0,codY,-1,2396978,2397758,45.12820512820513
0,clpY,-1,2397783,2399175,42.38505747126437
0,clpQ,-1,2399200,2399746,44.688644688644686
0,codV,-1,2399770,2400673,45.625692137320044
0,gid,-1,2400737,2402048,45.53775743707094
0,topA,-1,2402201,2404274,42.73999035214665
0,sucD,-1,2405395,2406310,43.49726775956284
0,sucC,-1,2406328,2407489,43.238587424633934
0,rnhB,-1,2409238,2410018,43.58974358974359
0,sipS,-1,2411200,2411755,50.090090090090094
0,rplS,-1,2412301,2412649,46.839080459770116
0,trmD,-1,2414788,2415523,46.394557823129254
0,rimM,-1,2415519,2416092,41.710296684118674
0,rpsP,-1,2416761,2417034,44.688644688644686
0,ffh,-1,2417129,2418488,41.427520235467256
0,ftsY,-1,2418944,2419928,43.59756097560975
0,smc,-1,2419939,2423506,40.81861508270255
0,rncS,-1,2423943,2424726,45.466155810983395
0,acpA,-1,2424879,2425113,42.30769230769231
0,fabG,-1,2425188,2425932,43.54838709677419
0,fabD,-1,2425925,2426879,46.0167714884696
0,plsX,-1,2426880,2427870,44.343434343434346
0,recG,-1,2428533,2430579,46.18768328445748
0,sdaAA,-1,2430575,2431466,42.64870931537598
0,sdaAB,-1,2431481,2432144,47.66214177978884
0,rpmB,1,2435400,2435589,43.91534391534392
0,rpe,-1,2435964,2436612,47.99382716049383
0,prkC,-1,2437649,2439770,44.271570014144274
0,prpC,-1,2439771,2440521,46.666666666666664
0,fmt,-1,2441902,2442841,43.45047923322684
0,priA,-1,2442857,2445248,45.83856127143454
0,gmk,-1,2446780,2447398,39.320388349514566
0,pyrE,-1,2456377,2457034,46.270928462709286
0,pyrF,-1,2457009,2457729,44.72222222222222
0,pyrDI,-1,2457725,2458640,44.69945355191257
0,pyrDII,-1,2458639,2459419,46.794871794871796
0,pyrAB,-1,2459486,2462675,46.34681718407024
0,pyrAA,-1,2462694,2463780,47.974217311233886
0,pyrC,-1,2463772,2465056,45.638629283489095
0,pyrB,-1,2465091,2465997,46.57836644591612
0,pyrP,-1,2466059,2467361,51.92012288786482
0,pyrR,-1,2467499,2468093,48.65319865319865
0,lsp,-1,2469099,2469555,51.75438596491228
0,ileS,-1,2470547,2473319,47.04184704184704
0,divIVA,-1,2473664,2474183,39.113680154142585
0,sigG,-1,2477884,2478670,42.74809160305343
0,sigE,-1,2478857,2479571,44.67787114845938
0,spoIIGA,-1,2479593,2480487,53.24384787472036
0,ftsZ,-1,2480741,2481863,42.24598930481283
0,ftsA,-1,2481901,2483194,45.39829853054911
0,divIB,-1,2483517,2484282,45.751633986928105
0,spoVE,-1,2484473,2485571,54.189435336976324
0,murD,-1,2485747,2487103,46.091445427728615
0,mraY,-1,2487099,2488077,53.578732106339466
0,murF,-1,2488078,2489440,43.75917767988253
0,murE,-1,2489436,2490894,46.50205761316872
0,spoVD,-1,2490978,2492913,45.012919896640824
0,pbpB,-1,2493038,2495327,42.463958060288334
0,rpmF,-1,2501852,2502026,39.08045977011494
0,coaD,-1,2507151,2507631,47.708333333333336
0,ctaF,-1,2515326,2515674,51.14942528735632
0,ctaE,-1,2515675,2516299,52.40384615384615
0,ctaD,-1,2516300,2518175,53.76
0,ctaC,-1,2518207,2519245,47.01348747591522
0,ctaA,1,2519637,2520543,56.5121412803532
0,pycA,-1,2520719,2524169,45.44927536231884
0,speA,1,2532764,2534243,51.11561866125761
0,pdhD,-1,2545567,2546974,44.776119402985074
0,pdhC,-1,2546977,2548255,42.09702660406886
0,pdhB,-1,2548357,2549335,45.50102249488753
0,pdhA,-1,2549338,2550424,45.58011049723757
0,dapD,-1,2560315,2561038,43.84508990318119
0,copZ,-1,2571972,2572179,40.57971014492754
0,bkdB,-1,2575095,2576352,43.75497215592681
0,bkdA2,-1,2576364,2577348,46.44308943089431
0,bkdA1,-1,2577347,2578349,45.10978043912176
0,lpd,-1,2578362,2579784,44.86638537271449
0,bcd,-1,2579803,2580901,43.806921675774134
0,bkdR,-1,2581058,2583032,46.20060790273556
0,spo0A,-1,2584470,2585262,44.57070707070707
0,spoIVB,-1,2585463,2586738,43.05882352941177
0,recN,-1,2586859,2588557,42.8150765606596
0,ahrC,-1,2588573,2589023,44.0
0,dxs,-1,2590052,2591939,45.09803921568628
0,ispA,-1,2592204,2593092,46.95945945945946
0,xseB,-1,2593088,2593328,35.833333333333336
0,xseA,-1,2593320,2594697,44.880174291939
0,nusB,-1,2594714,2595116,42.78606965174129
0,accC,-1,2595722,2597081,45.6953642384106
0,accB,-1,2597092,2597581,41.30879345603272
0,spoIIIAH,-1,2598195,2598750,41.98198198198198
0,spoIIIAG,-1,2598752,2599415,38.31070889894419
0,spoIIIAF,-1,2599411,2600002,43.824027072758035
0,spoIIIAE,-1,2600048,2601242,51.256281407035175
0,spoIIIAD,-1,2601256,2601565,52.42718446601942
0,spoIIIAC,-1,2601670,2601877,48.792270531400966
0,spoIIIAB,-1,2601903,2602416,43.46978557504873
0,spoIIIAA,-1,2602412,2603342,46.98924731182796
0,aroK,1,2604533,2605079,47.8021978021978
0,efp,-1,2605125,2605683,41.39784946236559
0,mntR,-1,2609210,2609642,41.43518518518518
0,splB,-1,2609717,2610743,45.90643274853801
0,dat,1,2610876,2611731,48.538011695906434
0,helD,-1,2611911,2614212,45.5019556714472
0,gcvPB,-1,2615748,2617224,46.7479674796748
0,gcvPA,-1,2617220,2618567,47.067557535263546
0,gcvT,-1,2618578,2619682,46.28623188405797
0,comGC,-1,2625888,2626203,47.301587301587304
0,comGB,-1,2628092,2629130,47.10982658959538
0,comGA,-1,2629116,2630142,46.88109161793372
0,fabI,-1,2638101,2638881,44.48717948717949
0,trpS,1,2652757,2653747,47.676767676767675
0,coaA,1,2656658,2657609,46.47739221871714
0,fabF,-1,2665338,2666580,44.927536231884055
0,fabH1,-1,2666627,2667563,45.4059829059829
0,argF,-1,2671943,2672888,46.455026455026456
0,carB,-1,2672889,2676039,46.857142857142854
0,carA,-1,2676031,2677114,46.99907663896584
0,argD,-1,2677193,2678360,46.01542416452442
0,argB,-1,2678377,2679151,42.377260981912144
0,argJ,-1,2679162,2680389,43.0317848410758
0,argC,-1,2680403,2681438,47.2463768115942
0,asnB,1,2702764,2704669,49.028871391076116
0,cheW,-1,2704744,2705176,47.4537037037037
0,cheA,-1,2705210,2707157,44.53004622496148
0,pstBB,-1,2713674,2714457,46.10472541507024
0,pstBA,-1,2714471,2715284,47.23247232472325
0,pstA,-1,2715300,2716188,51.8018018018018
0,pstC,-1,2716184,2717120,53.41880341880342
0,pstS,-1,2717210,2718131,43.53963083604778
0,rpmA,-1,2725253,2725532,43.369175627240146
0,rplU,-1,2725881,2726190,37.54045307443366
0,spoIVFB,-1,2727882,2728728,50.59101654846336
0,spoIVFA,-1,2728720,2729479,47.03557312252964
0,minD,-1,2732362,2733157,44.0251572327044
0,minC,-1,2733186,2733870,43.12865497076023
0,mreD,-1,2733950,2734475,58.476190476190474
0,mreC,-1,2734471,2735353,46.59863945578231
0,mreB,-1,2735364,2736399,42.70531400966183
0,radC,-1,2736635,2737328,47.907647907647906
0,maf,-1,2737341,2737917,46.875
0,comC,-1,2741421,2742141,57.22222222222222
0,folC,-1,2742286,2743597,47.06331045003814
0,valS,-1,2743662,2746305,44.87325009458948
0,hemL,-1,2751151,2752444,46.17169373549884
0,hemB,-1,2752448,2753426,46.012269938650306
0,hemD,-1,2753422,2754181,46.772068511198945
0,hemC,-1,2754177,2755113,41.452991452991455
0,hemX,-1,2755123,2755939,56.740196078431374
0,hemA,-1,2755955,2757320,44.54212454212454
0,lonA,-1,2758115,2760443,43.08419243986254
0,lonB,-1,2760652,2762320,45.86330935251799
0,clpX,-1,2762477,2763749,44.575471698113205
0,tig,-1,2764093,2765398,39.46360153256705
0,leuD,-1,2766846,2767440,45.45454545454545
0,leuC,-1,2767439,2768852,44.01981599433829
0,leuB,-1,2768868,2769963,45.38812785388128
0,leuA,-1,2769973,2771518,44.46601941747573
0,ilvC,-1,2771504,2772530,44.44444444444444
0,ilvN,-1,2772571,2773090,44.701348747591524
0,ilvB,-1,2773086,2774817,46.3316002310803
0,ilvD,-1,2775152,2776817,45.04504504504504
0,cotA,1,2779427,2780957,49.21568627450981
0,rph,-1,2782930,2783683,44.09030544488712
0,gerM,-1,2783784,2784918,41.7989417989418
0,racE,-1,2786621,2787452,46.931407942238266
0,ptsI,-1,2788081,2789803,46.10917537746806
0,ptsH,-1,2789802,2790066,42.42424242424242
0,gerE,1,2790468,2790693,44.0
0,sdhB,-1,2791328,2792081,47.94156706507304
0,sdhA,-1,2792077,2793847,45.02824858757062
0,sdhC,-1,2793885,2794494,53.858784893267654
0,uvrC,-1,2796724,2798509,44.64985994397759
0,trxA,-1,2798564,2798879,40.95238095238095
0,etfA,-1,2799106,2800084,45.70552147239264
0,etfB,-1,2800097,2800868,41.63424124513619
0,lcfA,-1,2802499,2804200,42.445620223398
0,mutSB,-1,2804901,2807265,43.65482233502538
0,pheT,-1,2810073,2812500,45.52946023897816
0,pheS,-1,2812513,2813548,44.05797101449275
0,sspI,1,2814747,2814957,40.95238095238095
0,rplT,-1,2819416,2819776,45.833333333333336
0,rpmI,-1,2819806,2820010,43.13725490196079
0,infC,-1,2820041,2820545,42.06349206349206
0,dacC,-1,2825012,2826482,43.06122448979592
0,thrS,-1,2828669,2830601,45.54865424430642
0,dnaI,-1,2833217,2834147,42.68817204301075
0,dnaB,-1,2834134,2835577,43.58974358974359
0,speD,-1,2836701,2837091,42.82051282051282
0,gapB,-1,2837297,2838332,44.54106280193237
0,coaE,-1,2838625,2839219,43.602693602693606
0,mutM,-1,2839919,2840750,45.006016847172084
0,polA,-1,2840761,2843395,44.60895975702354
0,phoR,-1,2843696,2845469,45.7980823463057
0,phoP,-1,2845461,2846184,44.53665283540802
0,mdh,-1,2847207,2848152,46.24338624338624
0,citC,-1,2848202,2849468,45.7345971563981
0,citZ,-1,2849520,2850636,46.86379928315412
0,pykA,-1,2851813,2853568,43.81766381766382
0,pfk,-1,2853596,2854556,44.479166666666664
0,accA,-1,2854705,2855680,44.0
0,accD,-1,2855698,2856541,44.009489916963226
0,dnaE,-1,2858630,2861918,47.53649635036496
0,argH,-1,2869706,2871095,45.64434845212383
0,argG,-1,2871091,2872303,46.12211221122112
0,ackA,-1,2874351,2875539,46.54882154882155
0,tpx,-1,2876790,2877285,45.85858585858586
0,sppA,-1,2880662,2881649,45.39007092198582
0,nifZ,-1,2883449,2884589,47.10526315789474
0,erzA,-1,2884861,2886559,40.98939929328622
0,hisJ,1,2886702,2887554,51.99530516431925
0,rpsD,1,2889794,2890397,50.082918739635154
0,tyrZ,-1,2890438,2891683,42.00803212851405
0,acsA,-1,2894407,2896117,45.380116959064324
0,acuA,1,2896302,2896935,45.97156398104266
0,acuB,1,2896950,2897604,50.45871559633027
0,acuC,1,2897596,2898787,47.019311502938706
0,ccpA,-1,2898877,2899876,46.246246246246244
0,aroA,-1,2900161,2901253,45.69597069597069
0,murC,-1,2902483,2903791,46.94189602446483
0,purU,1,2915244,2916108,49.88425925925926
0,acoC,-1,2917631,2918864,44.363341443633416
0,acoB,-1,2918893,2919937,44.54022988505747
0,acoA,-1,2919954,2920902,41.87763713080169
0,acoL,-1,2920929,2922129,43.666666666666664
0,acoR,-1,2922549,2924493,46.09053497942387
0,fosB,-1,2930046,2930487,46.93877551020408
0,ligB,1,2942718,2943552,47.961630695443645
0,leuS,-1,2998644,3001059,44.26501035196687
0,ldh,-1,3001424,3002402,45.194274028629856
0,metK,-1,3006948,3008166,46.55172413793103
0,pckA,1,3008702,3010286,49.87373737373738
0,patB,-1,3016632,3017763,45.88859416445624
0,dgk,1,3017963,3018587,48.717948717948715
0,dck,1,3018598,3019228,49.04761904761905
0,ctaB,-1,3028386,3029322,54.38034188034188
0,ppaC,1,3029661,3030597,47.00854700854701
0,pgi,-1,3032104,3033460,45.64896755162242
0,ddlA,-1,3033525,3034632,46.160794941282745
0,thiK,-1,3038037,3038820,45.593869731800766
0,alaT,-1,3038923,3040096,49.01960784313726
0,alaR,-1,3040110,3040608,43.975903614457835
0,luxS,-1,3040770,3041241,45.64755838641189
0,mtlD,-1,3050450,3051575,45.422222222222224
0,mtlR,-1,3052002,3054069,47.65360425737784
0,dapF,-1,3059689,3060538,43.81625441696113
0,thrB,-1,3063824,3064718,49.21700223713646
0,thrC,-1,3064718,3065789,43.13725490196079
0,hom,-1,3065788,3067090,42.857142857142854
0,lipS,-1,3071647,3072577,42.043010752688176
0,dfrA,-1,3076643,3077132,46.21676891615542
0,thyB,-1,3077128,3077923,47.924528301886795
0,csd,-1,3096072,3097296,47.549019607843135
0,gcvH,-1,3105135,3105576,41.26984126984127
0,lipB,-1,3116990,3117605,46.99186991869919
0,gabT,-1,3117878,3119159,46.76034348165496
0,smpB,-1,3123391,3123877,39.50617283950617
0,rnr,-1,3124462,3126796,43.958868894601544
0,secG,-1,3129523,3129754,52.81385281385281
0,eno,-1,3137827,3139117,46.434108527131784
0,pgm,-1,3139140,3140673,45.53163731245923
0,tpi,-1,3140669,3141425,42.857142857142854
0,pgk,-1,3141442,3142627,43.881856540084385
0,gapA,-1,3142707,3143715,48.41269841269841
0,cggR,-1,3143778,3144795,43.1661750245821
0,sigL,-1,3146815,3148153,44.84304932735426
0,clpP,1,3148570,3149158,46.25850340136054
0,opuCA,1,3151529,3152678,45.43080939947781
0,opuCB,1,3152752,3153394,54.98442367601246
0,opuCC,1,3153412,3154336,48.59307359307359
0,opuCD,1,3154335,3154998,53.69532428355958
0,crh,-1,3155197,3155455,41.47286821705426
0,trxB,-1,3159096,3160047,42.586750788643535
0,cypC,-1,3161433,3162687,44.65709728867623
0,hisI,-1,3163975,3164596,43.15619967793881
0,hisF,-1,3164592,3165351,47.430830039525695
0,hisA,-1,3165350,3166073,44.95159059474412
0,hisH,-1,3166074,3166698,48.07692307692308
0,hisB,-1,3166697,3167285,45.74829931972789
0,hisD,-1,3167284,3168562,46.165884194053206
0,hisG,-1,3168548,3169190,45.17133956386293
0,hisZ,-1,3169186,3170368,47.20812182741117
0,hprP,-1,3170989,3171631,47.0404984423676
0,lgt,-1,3172589,3173423,50.59952038369305
0,hprK,-1,3173443,3174376,48.445873526259376
0,uvrA,-1,3176194,3179068,46.34655532359081
0,uvrB,-1,3179077,3181060,45.23449319213313
0,ftsX,-1,3187153,3188038,48.36158192090395
0,ftsE,-1,3188027,3188720,45.02164502164502
0,prfB,-1,3189947,3190934,43.66767983789261
0,secA,-1,3191080,3193606,42.280285035629454
0,fliS,-1,3196358,3196757,38.847117794486216
0,fliD,-1,3196766,3198506,42.58620689655172
0,csrA,-1,3198989,3199229,42.5
0,flgL,-1,3199683,3200745,45.5743879472693
0,flgK,-1,3200760,3202347,43.03717706364209
0,flgM,-1,3202791,3203058,39.70037453183521
0,comFC,-1,3203603,3204308,46.09929078014184
0,comFA,-1,3204304,3205660,50.81120943952802
0,degU,-1,3206649,3207357,42.51412429378531
0,degS,-1,3207503,3208631,43.173758865248224
0,pcp,-1,3209523,3210123,46.166666666666664
0,tagD,-1,3227660,3228059,42.857142857142854
0,nrdI,1,3234024,3234405,46.194225721784775
0,nrdE,1,3234373,3236470,47.59179780639008
0,nrdF,1,3236506,3237511,47.960199004975124
0,dinB,1,3273680,3274181,45.50898203592814
0,alkA,-1,3277681,3278593,43.75
0,adaA,1,3278815,3279445,45.55555555555556
0,adaB,1,3279446,3279980,46.62921348314607
0,tagO,-1,3287225,3288320,51.32420091324201
0,tuaG,-1,3288445,3289198,43.02788844621514
0,natA,1,3308312,3309086,47.286821705426355
0,guaC,-1,3335941,3336928,45.18743667679838
0,galK,1,3340224,3341403,49.36386768447837
0,galT,1,3341414,3342941,50.09823182711198
0,mdr,-1,3345136,3346657,51.93951347797502
0,paiA,1,3365963,3366485,43.86973180076628
0,ssuB,-1,3368471,3369314,44.48398576512456
0,manA,-1,3377515,3378478,42.15991692627207
0,araQ,-1,3426239,3427058,52.99145299145299
0,araP,-1,3427054,3428119,51.924882629107984
0,araN,-1,3427952,3429248,44.598765432098766
0,hutI,-1,3452500,3453844,44.86607142857143
0,hutU,-1,3453836,3455516,46.54761904761905
0,nagP,1,3462614,3464075,52.087611225188226
0,hxlA,-1,3478914,3479541,43.54066985645933
0,hxlB,-1,3481209,3481761,43.29710144927536
0,kdgR,-1,3484588,3485593,46.96517412935324
0,tagG,-1,3490487,3491291,55.34825870646766
0,xsa,-1,3497196,3498693,44.68937875751503
0,glpF,1,3510303,3511008,52.90780141843972
0,glpK,1,3511026,3512523,45.557782231128925
0,folD,-1,3515540,3516380,47.61904761904762
0,czcD,-1,3516617,3517541,50.865800865800864
0,gltC,-1,3517994,3518900,47.13024282560706
0,sspB,-1,3529646,3529850,42.64705882352941
0,adhB,-1,3555349,3556483,44.70899470899471
0,lmrB,1,3558233,3559715,54.99325236167341
0,bdh,1,3562016,3562790,47.41602067183462
0,clpE,-1,3579004,3581107,44.07988587731812
0,ispA,-1,3587710,3588676,44.409937888198755
0,hemAT,-1,3611540,3612890,44.0
0,feuC,-1,3617967,3618993,53.31384015594542
0,feuB,-1,3618982,3620014,53.87596899224806
0,feuA,-1,3620003,3620981,44.27402862985685
0,msmE,1,3632179,3633541,48.23788546255506
0,gsiB,1,3644227,3644629,32.58706467661692
0,lacA,-1,3652255,3654304,47.43777452415813
0,cycB,-1,3657725,3658985,43.41269841269841
0,lacR,-1,3659173,3660166,46.72708962739174
0,tlpC,-1,3675603,3677358,43.58974358974359
0,rbsB,-1,3687082,3688021,44.72843450479233
0,rbsC,-1,3688113,3689058,50.68783068783069
0,rbsA,-1,3689044,3690544,43.06666666666667
0,rbsD,-1,3690559,3690949,45.38461538461539
0,rbsK,-1,3690999,3691881,42.63038548752834
0,rbsR,-1,3691880,3692864,44.51219512195122
0,glvR,-1,3724804,3725563,46.3768115942029
0,malP,1,3725707,3727291,50.18939393939394
0,glvA,1,3727317,3728643,43.43891402714932
0,racX,-1,3750381,3751062,46.69603524229075
0,licH,1,3826079,3827396,45.02657555049355
0,spsK,-1,3843617,3844463,45.508274231678485
0,spsJ,-1,3844455,3845475,44.509803921568626
0,spsL,-1,3845490,3846036,44.505494505494504
0,gtaB,-1,3852375,3853257,45.01133786848072
0,hag,1,3853959,3854868,46.864686468646866
0,rapB,-1,3855971,3857072,43.32425068119891
0,gerBC,-1,3857305,3858430,43.022222222222226
0,gerAB,-1,3858426,3859530,54.257246376811594
0,ssuA,1,3871675,3872710,45.507246376811594
0,ssuC,1,3872725,3873493,54.817708333333336
0,pupG,-1,3878163,3878988,47.63636363636363
0,pucH,-1,3889252,3890599,47.364513734224204
0,pucM,-1,3892488,3892827,51.03244837758112
0,pucR,-1,3894396,3896061,45.885885885885884
0,pucH,1,3896233,3897466,49.71613949716139
0,pucG,1,3897502,3898744,47.82608695652174
0,pucA,-1,3898993,3899521,42.42424242424242
0,pucB,-1,3899487,3901737,45.733333333333334
0,pucC,-1,3901711,3902605,45.74944071588367
0,pucD,-1,3902571,3903186,48.45528455284553
0,pucE,-1,3903182,3904187,48.35820895522388
0,bglP,-1,3951268,3953155,48.807631160572335
0,licT,-1,3953287,3954115,43.11594202898551
0,bglH,-1,3954372,3955806,46.23430962343096
0,lytR,1,3977612,3978536,47.83549783549783
0,gde,-1,3979319,3979790,44.37367303609342
0,galE,1,3982581,3983598,47.68928220255654
0,lytE,-1,3987874,3989128,49.04306220095694
0,gerAA,-1,3998633,4000148,49.57095709570957
0,flhP,-1,4000607,4001396,45.247148288973385
0,flhO,-1,4001409,4002207,42.98245614035088
0,mbl,-1,4002219,4003224,42.985074626865675
0,spoIIID,-1,4003394,4003682,39.236111111111114
0,spoIIQ,-1,4004790,4005651,39.48896631823461
0,spoIID,-1,4005827,4006868,41.78674351585014
0,murA,-1,4007034,4008333,44.26481909160893
0,atpC,-1,4009779,4010181,42.039800995024876
0,atpD,-1,4010249,4011662,46.77990092002831
0,atpG,-1,4011693,4012560,46.02076124567474
0,atpA,-1,4012593,4014108,47.65676567656766
0,atpH,-1,4014142,4014688,43.040293040293044
0,atpF,-1,4014684,4015170,41.76954732510288
0,atpE,-1,4015276,4015492,48.148148148148145
0,atpB,-1,4015564,4016281,51.324965132496516
0,vpr,-1,4017268,4019548,43.37719298245614
0,upp,-1,4020232,4020862,46.34920634920635
0,glyA,-1,4021135,4022389,46.81020733652313
0,spoIIR,-1,4028873,4029503,44.6031746031746
0,prfA,-1,4030454,4031525,40.98972922502334
0,tdk,-1,4033724,4034303,45.59585492227979
0,rpmE,-1,4034363,4034606,47.73662551440329
0,rho,-1,4034708,4035977,46.887312844759656
0,murZ,-1,4037195,4038482,42.89044289044289
0,fbaA,-1,4039361,4040225,45.833333333333336
0,spo0F,-1,4040459,4040822,38.56749311294766
0,pyrG,-1,4041613,4043218,46.728971962616825
0,rpoE,-1,4043424,4043931,39.84220907297831
0,mmgC,-1,4044869,4046012,42.957130358705164
0,mmgB,-1,4046004,4046856,44.13145539906103
0,mmgA,-1,4046852,4048037,41.687763713080166
0,argS,-1,4052176,4053847,44.34470377019748
0,speB,-1,4054605,4055484,48.69169510807736
0,speE,-1,4055496,4056324,46.4975845410628
0,pbpG,1,4056484,4058611,46.73248707099201
0,gltT,-1,4066915,4068163,52.16346153846154
0,pta,-1,4069369,4070365,45.98393574297189
0,cwlJ,1,4077935,4078367,45.833333333333336
0,nrgA,-1,4083823,4085089,52.60663507109005
0,ung,-1,4086343,4087042,47.35336194563662
0,thiD,1,4088711,4089524,45.87945879458795
0,hutH,-1,4089741,4091244,46.77312042581504
0,bdbC,-1,4102562,4102976,54.106280193236714
0,phoB,-1,4109348,4110689,42.281879194630875
0,topB,-1,4110890,4113080,42.37442922374429
0,mntD,-1,4115954,4116836,55.89569160997733
0,mntC,-1,4116832,4117765,51.768488745980704
0,mntB,-1,4117742,4118498,45.63492063492063
0,mntA,-1,4118550,4119507,42.63322884012539
0,katX,-1,4129717,4131340,44.60874922982132
0,murB,-1,4133313,4134249,43.376068376068375
0,bmrU,1,4135952,4136864,45.723684210526315
0,thrZ,-1,4140482,4142396,45.820271682340646
0,ribG,1,4150326,4151430,46.28623188405797
0,braB,-1,4166520,4167828,54.051987767584095
0,deoD,-1,4187598,4188309,46.69479606188467
0,scoE,-1,4191560,4192202,42.05607476635514
0,scoA,-1,4192198,4192912,44.11764705882353
0,citR,-1,4215187,4216063,47.8310502283105
0,citA,1,4216174,4217266,46.336996336996336
0,mcpB,1,4222404,4224414,44.67661691542288
0,sigV,1,4225208,4225748,47.592592592592595
0,lytT,-1,4230399,4231140,45.209176788124154
0,lytS,-1,4231099,4232893,49.163879598662206
0,levD,1,4247580,4247994,43.23671497584541
0,levE,1,4248010,4248490,44.166666666666664
0,levF,1,4248583,4249264,53.010279001468426
0,levG,1,4249263,4250106,48.16132858837485
0,levR,1,4251303,4254102,46.5880671668453
0,purA,-1,4282115,4283402,46.386946386946384
0,dnaC,-1,4283549,4284911,44.7870778267254
0,rplI,-1,4284981,4285425,38.06306306306306
0,rpsR,-1,4288528,4288762,49.572649572649574
0,ssb,-1,4288800,4289286,49.382716049382715
0,rpsF,-1,4289356,4289644,42.361111111111114
0,spo0J,-1,4294371,4295241,40.11494252873563
0,soj,-1,4295233,4295995,45.93175853018373
0,gidB,-1,4297136,4297850,47.61904761904762
0,gidA,-1,4297860,4299750,44.17989417989418
0,thdF,-1,4299811,4301188,44.15395787944808
0,jag,-1,4301422,4302058,41.82389937106918
0,spoIIIJ,-1,4302073,4302928,48.30409356725146
0,rnpA,-1,4302952,4303321,45.25745257452574
0,rpmH,-1,4303385,4303523,42.7536231884058
